<?xml version="1.0" encoding="UTF-8"?>
<!DOCTYPE fontscolors PUBLIC "-//NetBeans//DTD Editor Fonts and Colors settings 1.1//EN" "http://www.netbeans.org/dtds/EditorFontsColors-1_1.dtd">
<fontscolors>
    <fontcolor name="org-netbeans-modules-web-core-syntax-JspParserErrorAnnotation" waveUnderlined="red"/>
    <fontcolor bgColor="ffff8080" name="org-netbeans-modules-tomcat5-error"/>
    <fontcolor name="org-netbeans-modules-web-beans-annotations-event"/>
    <fontcolor bgColor="ffffffb1" name="annotation_partiallycovered"/>
    <fontcolor name="PinnedWatch"/>
    <fontcolor name="PHPNotice" waveUnderlined="ffc0c000"/>
    <fontcolor name="org-netbeans-modules-editor-annotations-intercepted"/>
    <fontcolor name="PHPWarning" waveUnderlined="ffc0c000"/>
    <fontcolor bgColor="ffccffcc" name="annotation_covered_glyph"/>
    <fontcolor bgColor="ffffcccc" name="annotation_notcovered"/>
    <fontcolor bgColor="ffccffcc" name="annotation_covered"/>
    <fontcolor bgColor="ff004000" name="norwaytoday__annotation_covered"/>
    <fontcolor name="org-netbeans-modules-web-beans-annotations-decorated-bean"/>
    <fontcolor bgColor="ffffffb1" name="annotation_partiallycovered_glyph"/>
    <fontcolor name="org-netbeans-modules-web-beans-annotations-delegate-point"/>
    <fontcolor name="PHPError" waveUnderlined="red"/>
    <fontcolor bgColor="ff900000" name="norwaytoday__annotation_notcovered"/>
    <fontcolor bgColor="ffffcccc" name="annotation_notcovered_glyph"/>
    <fontcolor bgColor="ff004000" name="norwaytoday__annotation_covered_glyph"/>
    <fontcolor name="org-netbeans-modules-web-beans-annotations-observer"/>
    <fontcolor name="org-netbeans-modules-web-beans-annotations-injection-point"/>
    <fontcolor bgColor="ff382600" name="norwaytoday__annotation_partiallycovered"/>
    <fontcolor bgColor="ff900000" name="norwaytoday__annotation_notcovered_glyph"/>
    <fontcolor bgColor="ff382600" name="norwaytoday__annotation_partiallycovered_glyph"/>
</fontscolors>
