<?xml version="1.0" encoding="UTF-8" standalone="yes"?><history><sql date="1487086554232" url="jdbc:oracle:thin:@localhost:7521:XE">SELECT facility_id, filter_id, root_name, obj_name, param
FROM INT_FAC_FILT
WHERE FILTER_ID IN (5,7,8)
AND FACILITY_ID=1
ORDER BY ROOT_NAME</sql><sql date="1493134859605" url="jdbc:oracle:thin:@localhost:7521:XE">ALTER TABLE ADAPTER.AUDITS MODIFY( HIE_TRANSACTION_ID VARCHAR2(36) )</sql><sql date="1491245340841" url="jdbc:oracle:thin:@localhost:7521:XE">select
   *
from
   all_views u
WHERE
   owner='Adapter' 
   AND view_name='AUDITS_REPORT'
order by owner,view_name</sql><sql date="1491245366933" url="jdbc:oracle:thin:@localhost:7521:XE">select
   view_name, TEXT
from
   all_views u
WHERE
   owner='Adapter'
order by owner,view_name</sql><sql date="1487086318620" url="jdbc:oracle:thin:@localhost:7521:XE">SELECT * FROM ADAPTER.INT_FACILITIES WHERE ROWNUM &lt;= 100</sql><sql date="1487787373295" url="jdbc:oracle:thin:@localhost:7521:XE">SELECT * FROM ADAPTER.TRANSLATIONS WHERE ROWNUM &lt;= 100</sql><sql date="1491245347879" url="jdbc:oracle:thin:@localhost:7521:XE">select
   TEXT
from
   all_views u
WHERE
   owner='Adapter'
   AND view_name='AUDITS_REPORT'
order by owner,view_name</sql><sql date="1491927574297" url="jdbc:oracle:thin:@localhost:7521:XE">SELECT AUDIT_ID, ACTION_NAME, USER_ID, ORGANIZATION_ID FROM ADAPTER.AUDITS_REPORT</sql><sql date="1491927329977" url="jdbc:oracle:thin:@localhost:7521:XE">DESCRIBE VIEW ADAPTER.AUDITS_REPORT</sql><sql date="1493134990928" url="jdbc:oracle:thin:@localhost:7521:XE">SELECT * FROM AUDITS</sql><sql date="1491928618285" url="jdbc:oracle:thin:@localhost:7521:XE">SELECT 
"AUDIT_ID", "ACTION_NAME", "USER_ID", "ORGANIZATION_ID", "PATIENT_ID", "PURPOSE_FOR_USE", "DOCUMENT_ID", "AUDIT_TIME", "OPTOUT_REASON_ID", "REMOTE_ORGANIZATION_ID", "REMOTE_DOC_REPOSITORY_ID", "REMOTE_DOC_ID", "DETAILS", "PATIENT_LAST_NAME", "PATIENT_MIDDLE_NAME", "PATIENT_GIVEN_NAME", "MOTHER_MAIDEN_NAME", "POB_CITY", "POB_STATE", "USER_NAME", "PATIENT_FACILITY_NUMBER", "PATIENT_SSN", "PATIENT_FACILITY_NAME", "USER_FACILITY_NUMBER", "USER_FACILITY_NAME", "ORGANIZATION_NAME", "REMOTE_ORGANIZATION_NAME", "OPTOUT_REASON_TEXT", "DOCUMENT_TITLE", "DOCUMENT_SOURCE_PATIENT_ID", "USER_ROLE", "DOC_SPEC_TYPE", "PATIENT_SSN_EX", "MATCH_FOUND", "MATCH_FAILED", "IS_TEST_PATIENT", "HIE_TRANSACTION_ID"</sql><sql date="1493302051525" url="jdbc:oracle:thin:@localhost:7521:XE">truncate table audits</sql><sql date="1491927316169" url="jdbc:oracle:thin:@localhost:7521:XE">DESCRIBE VIEW AUDITS_REPORT</sql><sql date="1493134833823" url="jdbc:oracle:thin:@localhost:7521:XE">ALTER TABLE AUDITS MODIFY( HIE_TRANSACTION_ID VARCHAR2(36) )</sql><sql date="1487086474482" url="jdbc:oracle:thin:@localhost:7521:XE">SELECT facility_id, filter_id, root_name, obj_name, param
FROM ADAPTER.INT_FAC_FILT
WHERE FILTER_ID IN (5,7,8)
AND FACILITY_ID=1</sql><sql date="1500482043249" url="jdbc:oracle:thin:@localhost:7521:XE">SELECT * FROM ADAPTER.FACILITIES WHERE ROWNUM &lt;= 100</sql><sql date="1487086677789" url="jdbc:oracle:thin:@localhost:7521:XE">SELECT filt.filter_name, fac.root_name, fac.obj_name, fac.param
FROM INT_FAC_FILT fac
JOIN INT_FILT_CONST filt ON fac.filter_id=filt.filter_id
WHERE filt.FILTER_ID IN (5,7,8)
AND fac.FACILITY_ID=1
ORDER BY fac.ROOT_NAME</sql><sql date="1487086669121" url="jdbc:oracle:thin:@localhost:7521:XE">SELECT filt.filter_name, fac.root_name, fac.obj_name, fac.param
FROM INT_FAC_FILT fac
JOIN IN_FILT_CONST filt ON fac.filter_id=filt.filter_id
WHERE filt.FILTER_ID IN (5,7,8)
AND fac.FACILITY_ID=1
ORDER BY fac.ROOT_NAME</sql><sql date="1487086614450" url="jdbc:oracle:thin:@localhost:7521:XE">SELECT facility_id, filter_id, root_name, obj_name, param
FROM INT_FAC_FILT fac
JOIN IN_FILT_CONST filt ON fac.filter_id=filt.filter_id
WHERE filt.FILTER_ID IN (5,7,8)
AND fac.FACILITY_ID=1
ORDER BY fac.ROOT_NAME</sql><sql date="1493218438765" url="jdbc:oracle:thin:@localhost:7521:XE">CREATE OR REPLACE FORCE VIEW ADAPTER.AUDITS_REPORT
(
   AUDIT_ID,
   ACTION_NAME,
   USER_ID,
   SYSTEM_ID,
   ORGANIZATION_ID,
   PATIENT_ID,
   PURPOSE_FOR_USE,
   DOCUMENT_ID,
   AUDIT_TIME,
   OPTOUT_REASON_ID,
   REMOTE_ORGANIZATION_ID,
   REMOTE_DOC_REPOSITORY_ID,
   REMOTE_DOC_ID,
   DETAILS,
   PATIENT_LAST_NAME,
   PATIENT_MIDDLE_NAME,
   PATIENT_GIVEN_NAME,
   MOTHER_MAIDEN_NAME,
   POB_CITY,
   POB_STATE,
   USER_NAME,
   PATIENT_FACILITY_NUMBER,
   PATIENT_SSN,
   PATIENT_FACILITY_NAME,
   USER_FACILITY_NUMBER,
   USER_FACILITY_NAME,
   ORGANIZATION_NAME,
   REMOTE_ORGANIZATION_NAME,
   OPTOUT_REASON_TEXT,
   DOCUMENT_TITLE,
   DOCUMENT_SOURCE_PATIENT_ID,
   USER_ROLE,
   DOC_SPEC_TYPE,
   PATIENT_SSN_EX,
   MATCH_FOUND,
   MATCH_FAILED,
   IS_TEST_PATIENT,
   HIE_TRANSACTION_ID
)
AS
   SELECT b.AUDIT_ID,
          b.ACTION_NAME,
          b.USER_ID,
          b.SYSTEM_ID,
          b.ORGANIZATION_ID,
          b.PATIENT_ID,
          b.PURPOSE_FOR_USE,
          b.DOCUMENT_ID,
          b.AUDIT_TIME,
          b.OPTOUT_REASON_ID,
          b.REMOTE_ORGANIZATION_ID,
          b.REMOTE_DOC_REPOSITORY_ID,
          b.REMOTE_DOC_ID,
          b.DETAILS,
          b.PATIENT_LAST_NAME,
          b.PATIENT_MIDDLE_NAME,
          b.PATIENT_GIVEN_NAME,
          b.MOTHER_MAIDEN_NAME,
          b.POB_CITY,
          b.POB_STATE,
          b.USER_NAME,
          b.PATIENT_FACILITY_NUMBER,
          b.PATIENT_SSN,
          b.PATIENT_FACILITY_NAME,
          b.USER_FACILITY_NUMBER,
          b.USER_FACILITY_NAME,
          b.ORGANIZATION_NAME,
          b.REMOTE_ORGANIZATION_NAME,
          b.OPTOUT_REASON_TEXT,
          b.DOCUMENT_TITLE,
          b.DOCUMENT_SOURCE_PATIENT_ID,
          b.USER_ROLE,
          b.DOC_SPEC_TYPE,
          b.PATIENT_SSN_EX,
          b.MATCH_FOUND,
          b.MATCH_FAILED,
          (CASE
              WHEN b.PATIENT_SSN_EX IS NULL
              THEN
                 0                   
              WHEN    SUBSTR (b.PATIENT_SSN_EX, 1, 3) = '000'
                   OR                          
                     SUBSTR (b.PATIENT_SSN_EX, 1, 3) = '666'
                   OR                          
                     SUBSTR (b.PATIENT_SSN_EX, 1, 1) = '9'
                   OR             
                     SUBSTR (b.PATIENT_SSN_EX, 4, 2) = '00'
                   OR                          
                     SUBSTR (b.PATIENT_SSN_EX, 6, 4) = '0000' 
              THEN
                 1
              ELSE
                 0
           END)
             IS_TEST_PATIENT,
          b.HIE_TRANSACTION_ID
     FROM (SELECT a.AUDIT_ID,
                  a.ACTION_NAME,
                  UPPER (a.USER_ID) USER_ID,
                  a.SYSTEM_ID,
                  a.ORGANIZATION_ID,
                  UPPER (a.PATIENT_ID) PATIENT_ID,
                  a.PURPOSE_FOR_USE,
                  a.DOCUMENT_ID,
                  a.AUDIT_TIME,
                  a.OPTOUT_REASON_ID,
                  a.REMOTE_ORGANIZATION_ID,
                  a.REMOTE_DOC_REPOSITORY_ID,
                  a.REMOTE_DOC_ID,
                  UPPER (a.DETAILS) DETAILS,
                  UPPER (a.PATIENT_LAST_NAME) PATIENT_LAST_NAME,
                  UPPER (a.PATIENT_MIDDLE_NAME) PATIENT_MIDDLE_NAME,
                  UPPER (a.PATIENT_GIVEN_NAME) PATIENT_GIVEN_NAME,
                  UPPER (a.MOTHER_MAIDEN_NAME) MOTHER_MAIDEN_NAME,
                  UPPER (a.POB_CITY) POB_CITY,
                  UPPER (a.POB_STATE) POB_STATE,
                  UPPER (a.USER_NAME) USER_NAME,
                  a.PATIENT_FACILITY_NUMBER,
                  a.PATIENT_SSN,
                  UPPER (a.PATIENT_FACILITY_NAME) PATIENT_FACILITY_NAME,
                  a.USER_FACILITY_NUMBER,
                  UPPER (a.USER_FACILITY_NAME) USER_FACILITY_NAME,
                  UPPER (f1.FACILITY_NAME) ORGANIZATION_NAME,
                  UPPER (f2.FACILITY_NAME) REMOTE_ORGANIZATION_NAME,
                  opt.TEXT OPTOUT_REASON_TEXT,
                  UPPER (d.TITLE) DOCUMENT_TITLE,
                  d.SOURCE_PATIENT_ID DOCUMENT_SOURCE_PATIENT_ID,
                  a.USER_ROLE,
                  a.DOC_SPEC_TYPE,
                  (CASE
                      WHEN a.PATIENT_SSN IS NOT NULL
                      THEN
                         a.PATIENT_SSN
                      WHEN INSTR (a.DETAILS, 'ssn=') &gt; 0
                      THEN
                         SUBSTR (
                            REPLACE (
                               REGEXP_SUBSTR (a.DETAILS, 'ssn=([^,]+)'),
                               '-',
                               ''),
                            5)
                   END)
                     PATIENT_SSN_EX,
                  (CASE
                      WHEN INSTR (a.details, 'MATCH FOUND') = 1 THEN 1
                      ELSE 0
                   END)
                     MATCH_FOUND,
                  (CASE
                      WHEN INSTR (a.details, 'MATCH FAILED') = 1 THEN 1
                      ELSE 0
                   END)
                     MATCH_FAILED,
                  a.HIE_TRANSACTION_ID
             FROM AUDITS a
                  LEFT OUTER JOIN FACILITIES f1
                     ON a.ORGANIZATION_ID = f1.FULL_HOME_COMMUNITY_ID
                  LEFT OUTER JOIN FACILITIES f2
                     ON a.REMOTE_ORGANIZATION_ID = f2.FULL_HOME_COMMUNITY_ID
                  LEFT OUTER JOIN OPTOUT_REASONS opt
                     ON a.OPTOUT_REASON_ID = opt.OPTOUT_REASON_ID
                  LEFT OUTER JOIN DOCUMENTS d
                     ON a.DOCUMENT_ID = d.DOCUMENT_UNIQUE_ID) b</sql><sql date="1493128909477" url="jdbc:oracle:thin:@localhost:7521:XE">DELETE FROM ADAPTER.AUDITS</sql><sql date="1487086414315" url="jdbc:oracle:thin:@localhost:7521:XE">SELECT * 
FROM ADAPTER.INT_FAC_FILT 
WHERE FILTER_ID IN (5,7,8)</sql><sql date="1498240094131" url="jdbc:oracle:thin:@localhost:7521:XE">SELECT * FROM ADAPTER.AUDITS WHERE ROWNUM &lt;= 100</sql><sql date="1487086424233" url="jdbc:oracle:thin:@localhost:7521:XE">SELECT *
FROM ADAPTER.INT_FAC_FILT
WHERE FILTER_ID IN (5,7,8)
AND FACILITY_ID=1</sql><sql date="1491927559365" url="jdbc:oracle:thin:@localhost:7521:XE">SELECT AUDIT_ID, ACTION_NAME, USER_ID, ORGANIZATION FROM ADAPTER.AUDITS_REPORT</sql><sql date="1487086336908" url="jdbc:oracle:thin:@localhost:7521:XE">SELECT * FROM ADAPTER.INT_FILT_CONST WHERE ROWNUM &lt;= 100</sql><sql date="1495050622159" url="jdbc:oracle:thin:@localhost:7521:XE">SELECT * FROM ADAPTER.PROPERTIES WHERE ROWNUM &lt;= 100</sql><sql date="1493130186378" url="jdbc:oracle:thin:@localhost:7521:XE">truncate adapter.audits</sql><sql date="1487787380980" url="jdbc:oracle:thin:@localhost:7521:XE">SELECT * FROM ADAPTER.TRANSLATIONS</sql><sql date="1491245383431" url="jdbc:oracle:thin:@localhost:7521:XE">select
   view_name, TEXT
from
   all_views u
order by owner,view_name</sql><sql date="1491245541128" url="jdbc:oracle:thin:@localhost:7521:XE">SELECT * FROM ADAPTER.AUDITS_REPORT WHERE ROWNUM IN( 78, 79, 80, 81 )</sql><sql date="1491927506176" url="jdbc:oracle:thin:@localhost:7521:XE">SELECT * FROM ADAPTER.ADMIN_USER WHERE ROWNUM &lt;= 100</sql><sql date="1486592243340" url="jdbc:oracle:thin:@localhost:7521:XE">SELECT * FROM ADAPTER.CODESETS WHERE ROWNUM &lt;= 100</sql><sql date="1491314097960" url="jdbc:oracle:thin:@localhost:7521:XE">SELECT * FROM ADAPTER.AUDITS_REPORT ORDER BY AUDIT_ID</sql><sql date="1491927493081" url="jdbc:oracle:thin:@localhost:7521:XE">SELECT * FROM ADAPTER.ADMIN_ROLE WHERE ROWNUM &lt;= 100</sql><sql date="1487086308556" url="jdbc:oracle:thin:@localhost:7521:XE">SELECT * FROM ADAPTER.INT_FAC_FILT WHERE ROWNUM &lt;= 100</sql><sql date="1493130193365" url="jdbc:oracle:thin:@localhost:7521:XE">truncate table adapter.audits</sql><sql date="1479738216901" url="jdbc:oracle:thin:@localhost:7521:XE">SELECT * FROM ADAPTER.ADMIN_ROLE</sql><sql date="1491245529608" url="jdbc:oracle:thin:@localhost:7521:XE">SELECT * FROM ADAPTER.AUDITS_REPORT WHERE AUDIT_ID ROWNUM IN( 78, 79, 80, 81 )</sql><sql date="1491245232434" url="jdbc:oracle:thin:@localhost:7521:XE">select 
   dbms_metadata.GET_DDL('VIEW',u.view_name,DECODE(u.owner,'SYS','',owner)) 
from 
   all_views u
order by owner,view_name</sql><sql date="1491245473938" url="jdbc:oracle:thin:@localhost:7521:XE">SELECT * FROM ADAPTER.AUDITS_REPORT WHERE AUDIT_ID &lt;82 AND AUDIT_ID&gt;78</sql><sql date="1491927523577" url="jdbc:oracle:thin:@localhost:7521:XE">SELECT * FROM ADAPTER.DOCUMENTS WHERE ROWNUM &lt;= 100</sql><sql date="1491245287588" url="jdbc:oracle:thin:@localhost:7521:XE">select
   *
from
   all_views u
order by owner,view_name</sql><sql date="1487086510440" url="jdbc:oracle:thin:@localhost:7521:XE">SELECT facility_id, filter_id, root_name, obj_name, param
FROM ADAPTER.INT_FAC_FILT
WHERE FILTER_ID IN (5,7,8)
AND FACILITY_ID=1
ORDER BY ROOT_NAME</sql><sql date="1491927603265" url="jdbc:oracle:thin:@localhost:7521:XE">DESCRIBE AUDITS_REPORT</sql><sql date="1493302057518" url="jdbc:oracle:thin:@localhost:7521:XE">SELECT * FROM ADAPTER.AUDITS_REPORT WHERE ROWNUM &lt;= 100</sql><sql date="1491927359629" url="jdbc:oracle:thin:@localhost:7521:XE">DESCRIBE ADAPTER.AUDITS_REPORT</sql><sql date="1493218425158" url="jdbc:oracle:thin:@localhost:7521:XE">ALTER TABLE ADAPTER.AUDITS
    ADD SYSTEM_ID    VARCHAR2(255 BYTE)</sql><sql date="1493646972729" url="jdbc:oracle:thin:@localhost:7521:XE">SELECT AUDIT_ID FROM ADAPTER.AUDITS_REPORT WHERE ROWNUM &lt;= 100</sql><sql date="1493646990828" url="jdbc:oracle:thin:@localhost:7521:XE">SELECT * FROM ADAPTER.AUDITS_REPORT</sql><sql date="1488988947325" url="jdbc:oracle:thin:@localhost:7521:XE">insert into INT_FAC_FILT (FACILITY_ID, FILTER_ID, ROOT_NAME, OBJ_NAME, PARAM)
values(1, 8, 'functionalIndependenceMeasurements', null, 3)</sql><sql date="1491245501866" url="jdbc:oracle:thin:@localhost:7521:XE">SELECT * FROM ADAPTER.AUDITS_REPORT WHERE AUDIT_ID IN( 78, 79, 80, 81 )</sql><sql date="1493646977081" url="jdbc:oracle:thin:@localhost:7521:XE">SELECT AUDIT_ID FROM ADAPTER.AUDITS_REPORT</sql><sql date="1493130332291" url="jdbc:oracle:thin:@localhost:7521:XE">SELECT * FROM ADAPTER.AUDITS</sql><sql date="1495050624571" url="jdbc:oracle:thin:@localhost:7521:XE">SELECT * FROM ADAPTER.PROPERTIES</sql></history>